{"Degree":139.95526123046876,"TrackerOriginOffset":{"x":0.5113823413848877,"y":-1.3200000524520875,"z":-0.5702184438705444}}